<?xml version="1.0" encoding="UTF-8"?>
<!DOCTYPE mapper PUBLIC "-//mybatis.org//DTD Mapper 3.0//EN" "http://mybatis.org/dtd/mybatis-3-mapper.dtd">
<mapper namespace="takeaway.dao.login.LoginMapper">


    <!-- 登陆查询 -->
    <select id="pull" resultType="takeaway.action.Login">
        select *
        from login
        <where>
            <if test="account != null and account != ''">
                and account=#{account}
            </if>
            <if test="password != null and password !=''">
                and password=#{password}
            </if>
        </where>
    </select>

    <!--获取点餐人的信息-->
    <select id="getUser" resultType="takeaway.action.User">
        select *
        from user
        <where>
            and goToUserNum=#{goToUserNum}
        </where>
    </select>
    <!--获取商人的信息-->
    <select id="getBusiness" resultType="takeaway.action.Business">
        select *
        from business
        <where>
            and goToUserNum=#{goToUserNum}
        </where>
    </select>

    <!--注册功能分布完成，1.先添加进login表-->
    <insert id="newLogin" parameterType="takeaway.action.LoginWithUser">
        insert into login(role,account,password)  values (#{role},#{account},#{password});
    </insert>
    <!--第二步是查找goToUserNum来确定信息-->
    <select id="getNum" resultType="java.lang.Integer">
        select goToUserNum
        from login
        <where>
            <if test="account != null and account != ''">
                and account=#{account}
            </if>
        </where>
    </select>
    <!--第三步之添加USER表信息，先将LoginWithUser赋值(用上面的getNum获取值再赋值)，再插入到User表-->
    <insert id="newUser" parameterType="takeaway.action.LoginWithUser">
        insert into user(goToUserNum, role, userName, userTel, userRegTime, userAddress) VALUES (#{num}
        ,#{lwu.role}
        ,#{lwu.userName}
        ,#{lwu.userTel}
        ,#{lwu.userRegTime}
        ,#{lwu.userAddress})
    </insert>
    <!--第三步之添加商家表的信息-->
    <insert id="newShop" parameterType="takeaway.action.LoginWithBus">
        insert into business(goToUserNum,shopName, shopAddress, role, shopTel) VALUES (#{num}
        ,#{lws.shopName}
        ,#{lws.shopAddress}
        ,#{lws.role}
        ,#{lws.shopTel}
        )
    </insert>

    <!--用来获取对应的地址附近的商家的列表-->
    <select id="getBusinessList" resultType="takeaway.action.Business">
        <bind name="_addr" value="'%'+addr+'%'"></bind>
        select *
        from business
        <where>
            <if test="addr != null and addr !=''">
                and shopAddress like #{_addr}
            </if>
            and operatingStatus=1
            LIMIT 10;
        </where>
    </select>

    <!--实现订单查询功能，需要用到外键-->
    <resultMap id="OrderWithUser" type="takeaway.action.OrderWithUser">
        <result property="dishName" column="dishName"></result>
        <result property="dishPrice" column="dishPrice"></result>
        <result property="handToAddr" column="handToAddr"></result>
        <result property="orderTime" column="orderTime"></result>
        <result property="orderNumber" column="orderNumber"></result>
        <result property="shopName" column="shopName"></result>

        <association property="user" javaType="takeaway.action.User">
            <result property="goToUserNum" column="goToUserNum"></result>
        </association>

    </resultMap>
    <!--用来返回订单表的信息-->
    <select id="getOrderList" resultType="takeaway.action.Order">
        select *
        from orders
        <where>
            <if test="goToUserNum != null">
                and goToUserNum = #{goToUserNum}
            </if>
        </where>
    </select>

    <select id="getBusinessByName" resultType="takeaway.action.Business">
        select *
        from business
        <where>
            <if test="shopName != null and shopName != ''">
                and shopName=#{shopName};
            </if>
        </where>
    </select>

    <select id="getLoginByNum" resultType="takeaway.action.Login">
        select *
        from login
        <where>
            <if test="goToUserNum != null">
                and goToUserNum = #{goToUserNum};
            </if>
        </where>
    </select>


    <select id="getLoginByAll" resultType="takeaway.action.Login">
        select * from login;
    </select>
</mapper>

