<?xml version="1.0" encoding="UTF-8"?>
<beans xmlns="http://www.springframework.org/schema/beans"
    xmlns:xsi="http://www.w3.org/2001/XMLSchema-instance" 
    xmlns:aop="http://www.springframework.org/schema/aop"
    xmlns:tx="http://www.springframework.org/schema/tx" 
    xmlns:context="http://www.springframework.org/schema/context"
    xsi:schemaLocation="http://www.springframework.org/schema/beans 
    http://www.springframework.org/schema/beans/spring-beans-4.3.xsd
    http://www.springframework.org/schema/tx 
    http://www.springframework.org/schema/tx/spring-tx-4.3.xsd
    http://www.springframework.org/schema/context 
    http://www.springframework.org/schema/context/spring-context-4.3.xsd
    http://www.springframework.org/schema/aop 
    http://www.springframework.org/schema/aop/spring-aop-4.3.xsd">
    <!-- 读取db.properties -->
    <context:property-placeholder location="classpath:db.properties"/>
    <!-- bean注入 -->
    <bean id="datasources" class="org.apache.commons.dbcp2.BasicDataSource">
    <!-- 输入property属性 -->
    <!-- 配置mySQL数据库 -->
    <property name="driverClassName" value="${jdbc.driver}"></property>
    <property name="url" value="${jdbc.url}"></property>
    <property name="userName" value="${jdbc.username}"></property>
    <property name="password" value="${jdbc.password}"></property>
    <property name="maxTotal" value="${jdbc.maxTotal"></property>
    <property name="maxIdle" value="${jdbc.maxIdle"></property>
    <property name="initialSize" value="${jdbc.initialSize}"></property>
    </bean>
 </beans>