<?xml version="1.0" encoding="UTF-8"?>
<!DOCTYPE configuration
        PUBLIC "-//mybatis.org//DTD Config 3.0//EN"
        "http://mybatis.org/dtd/mybatis-3-config.dtd">
<configuration>
    <properties resource="database.properties">

    </properties>

    <settings>
        <setting name="logImpl" value="LOG4J"/>
    </settings>

    <environments default="dev">
        <environment id="dev">
            <transactionManager type="JDBC"></transactionManager>
            <dataSource type="UNPOOLED">
                <property name="url" value="${url}"></property>
                <property name="driver" value="${driver}"></property>
                <property name="username" value="${username}"></property>
                <property name="password" value="${password}"></property>
            </dataSource>
        </environment>
    </environments>

    <mappers>
        <mapper resource="mappers/LoginMapper.xml"></mapper>
    </mappers>



</configuration>